{"cameraMode":{"drawMode":0,"name":"Shaded","section":"Shading Mode"},"sceneLighting":true,"audioPlay":false,"sceneViewState":{"m_AlwaysRefresh":false,"showFog":true,"showSkybox":true,"showFlares":true,"showImageEffects":true,"showParticleSystems":true,"showVisualEffectGraphs":true,"m_FxEnabled":true},"in2DMode":false,"pivot":{"x":361.78692626953127,"y":172.62918090820313,"z":530.0899047851563},"rotation":{"x":-0.018908051773905755,"y":0.0018249519634991885,"z":-0.00011237262515351176,"w":-0.9998593330383301},"size":438.44830322265627,"orthographic":false}