{"cameraMode":{"drawMode":0,"name":"Shaded","section":"Shading Mode"},"sceneLighting":true,"audioPlay":false,"sceneViewState":{"m_AlwaysRefresh":false,"showFog":true,"showSkybox":true,"showFlares":true,"showImageEffects":true,"showParticleSystems":true,"showVisualEffectGraphs":true,"m_FxEnabled":true},"in2DMode":false,"pivot":{"x":208.17837524414063,"y":241.79974365234376,"z":444.91888427734377},"rotation":{"x":0.012213119305670262,"y":0.10388361662626267,"z":0.0014143148437142373,"w":-0.9948117136955261},"size":455.8607482910156,"orthographic":false}